0.0,0.0,,
2.018236851836907,14.82044875986128,,
3.1594832940389157,34.333322206960766,,
5.198991463766032,39.06237259641018,,
9.079176896252177,32.035396819213695,,
16.522312781952,21.537627270757877,,
28.810582446705602,13.552084677496275,,
44.2036152889935,9.046971642956684,,
59.90108334316368,6.5808532386379595,,
74.31397778330253,5.115990534399781,,
86.85278748211614,4.166076987877295,,
97.41778181687818,3.504988900201562,,
106.12506579803892,3.019201909869606,,
113.1756997000247,2.6468947796262454,,
118.79309342222678,2.3519700221728606,,
123.19357831403242,2.112094070459415,,
126.57366422103597,1.9127793526441796,,
129.10573258340727,1.7442516710413443,,
130.93789902470667,1.5996905153113163,,
132.1958024513526,1.4742013566567103,,
132.98517122893574,1.3641829379655914,,
133.3945171876993,1.2669288873485987,,
133.49768206676185,1.180363777815666,,
133.35613332415932,1.102869384189978,,
133.02094898173434,1.0331622853581726,,
132.5345112297765,0.9702098665243839,,
131.9319343592627,0.9131697692823444,,
131.24226450955797,0.861345816164106,,
130.4894642996308,0.8141557521959085,,
129.69324698084955,0.7711071171263943,,
128.8697804795244,0.731778531713782,,
128.0322864426207,0.6958076019159104,,
127.19144957869202,0.6628769901712998,,
126.35590742662205,0.6327090293024841,,
125.53258130508615,0.605057161558586,,
124.72689887021843,0.5797022621454537,,
123.94301230299833,0.5564488518987315,,
123.18412138200725,0.535120369037022,,
122.45258205708602,0.5155565172457741,,
121.75002634040466,0.4976121611748553,,
121.07749965911057,0.481155102135119,,
120.43557780289726,0.4660645430737125,,
119.82445174023171,0.4522295814127933,,
119.24398592896848,0.43954869455300755,,
118.69378747590486,0.4279286027156709,,
118.17326242262797,0.4172834278718357,,
117.68165793419239,0.40753400641589826,,
117.21809366685379,0.3986076273926952,,
116.7815991672243,0.3904372780689695,,
116.37113981923751,0.38296107710898425,,
115.98563522554205,0.37612206723531905,,
115.62397881297771,0.3698677841315505,,
115.28505388761215,0.3641498669541079,,
114.96774482736178,0.35892374867743587,,
114.67094337078981,0.35414852068827046,,
114.39356416418954,0.34978647717671485,,
114.13454754873945,0.34580278753225785,,
113.89286315240693,0.3421654689377339,,
113.66751485479286,0.3388451073878145,,
113.45753967413098,0.3358147943844186,,
113.26201325132958,0.3330498034810364,,
113.08005117012745,0.33052742366010135,,
112.91081007748723,0.32822682325676195,,
112.75348710806144,0.32612890599687333,,
112.60731939422027,0.3242160975219529,,
112.47158453793573,0.32247226532862694,,
112.34559750958648,0.32088295762461133,,
112.22871161541333,0.3194346662503466,,
112.12031531030468,0.318114375712106,,
112.01983374729832,0.31691131432209474,,
111.9267269596503,0.31581620627668633,,
111.84048548294302,0.31481828348266777,,
111.76063286930746,0.3139093308146117,,
111.68672417847769,0.3130815978481989,,
111.61833974649387,0.3123278838590752,,
111.55508625756562,0.3116415999307816,,
111.4965963213795,0.31101674284165676,,
111.4425265523171,0.3104478346416646,,
111.39255179890321,0.30992976630041846,,
111.34637942403646,0.30945812418987917,,
111.30373252167705,0.30902879245422626,,
111.26435445840093,0.3086380731734873,,
111.22800506858341,0.30828257216372384,,
111.19445835971814,0.30795909369458224,,
111.16350516820185,0.30766470651475486,,
111.13495112000925,0.30739672978245225,,
111.108616054255,0.3071528094792418,,
111.08433267101738,0.30693088288062265,,
111.06194624105407,0.3067290621488375,,
111.04131213116584,0.3065454352736359,,
111.02229774785698,0.30637838145669244,,
103.31051364364137,0.4992676080282058,,
84.53862701883818,1.1023604847452917,,
60.563763271648526,2.404549783176344,,
35.883919409403354,5.516450636430678,,
16.366936570192216,14.285334622139876,,
7.277583943264032,32.804820626899094,,
4.070110107035369,55.883017063265164,,
2.6808838918890876,79.13201569651353,,
1.939105165754988,101.25162468013863,,
1.4859650290087607,121.86937717254763,,
1.1836336879494387,140.90035859491937,,
0.9692119775174494,158.37083284893635,,
0.8102217407331839,174.35517602409513,,
0.6883028397786242,188.9483558593694,,
0.5923280342474249,202.25243213741282,,
0.5151852756657548,214.3695550966053,,
0.4521186704067174,225.39829444464183,,
0.39983450390750863,235.4317735853294,,
0.3559806430615604,244.55684754360428,,
0.31883433592729443,252.8538786229619,,
0.28710527608898984,260.3967073443968,,
0.2598081528109721,267.2531227831324,,
0.24445243275328887,271.34427955562734,,
0.2796417980412883,262.4210667600818,,
0.3562488276181654,244.7337423660397,,
0.46859009212024016,222.65458315514007,,
0.6173603790039103,198.83544168059206,,
0.8075115735417523,174.85630336693163,,
1.0481485933103787,151.63283092601256,,
1.3536257184744562,129.6733541923209,,
1.745940891556496,109.24140636124412,,
2.259118553345808,90.46000855986296,,
2.9470167859460963,73.38204318374726,,
3.89710363156283,58.04249448958603,,
5.253340837168236,44.505259565315036,,
7.245798959530521,32.907325242166614,,
10.192933816348019,23.469642165245773,,
14.374802664492256,16.375745457993744,,
19.756850715622345,11.498269196390117,,
25.918998289015082,8.329627046001267,,
32.35275347915209,6.279818372731643,,
38.69766213680117,4.913072205321426,,
44.75712757824454,3.963568194312277,,
50.44051254660578,3.2772762931878487,,
55.7154499345571,2.763918707889371,,
60.58002619350496,2.3687680847297914,,
65.0478522812326,2.0573261516750074,,
69.14013008853941,1.8070054949459133,,
72.88140241705644,1.6025104235990437,,
76.2971970313062,1.4331553582873056,,
79.41279514034358,1.2912776016137164,,
82.25249756021795,1.1712475883989983,,
84.83928895656813,1.0688453216660834,,
87.19467186985136,0.9808506637614348,,
89.33860629620972,0.9047603585131546,,
91.28954552674107,0.8386050671775135,,
93.0644595984403,0.7808134011870995,,
94.67893760376971,0.730116721595156,,
96.14725711816075,0.6854801239103087,,
97.48247902515462,0.6460516435092901,,
98.69653990008172,0.6111228359520963,,
99.80033455718075,0.5801016171931678,,
100.80379946270752,0.5524873380274347,,
101.71599407930185,0.5278565135092449,,
102.5451720436293,0.5058468758381478,,
103.29884975457705,0.4861474772924489,,
103.98387244886365,0.4684902546767694,,
104.60647058382526,0.45264276300341,,
105.17231379091045,0.4384030270029819,,
105.68656024587463,0.42559426504420705,,
106.15390339630964,0.414061849532984,,
106.57861159439204,0.4036696844328118,,
106.9645662132845,0.394297819341277,,
107.31529807141833,0.38584015490531487,,
107.63401583542569,0.3782028131385135,,
107.92363498464847,0.37130228132811405,,
108.18680840038205,0.3650643371957725,,
108.42594992436274,0.35942269645458325,,
108.64325427319764,0.3543181402583935,,
108.84071336778271,0.3496977973282526,,
109.02013675890097,0.34551435301259686,,
109.18316999940178,0.3417253468680811,,
109.33130843872739,0.3382925682889537,,
109.46591284118678,0.3351817556350897,,
109.58821998478047,0.33236221361804247,,
109.69935177260501,0.32980514670699057,,
109.80034063735734,0.32748713842765237,,
109.89210510011132,0.32538442878999135,,
109.97546400141539,0.32347755435243414,,
110.05120919024279,0.32174750720324186,,
110.12003269092051,0.3201777861723071,,
110.18256725959755,0.31875334557158563,,
110.23938779600549,0.31746059321849956,,
110.29102031423233,0.31628715327604584,,
110.33793527086691,0.31522198937978924,,
110.38056099855035,0.31425509541701296,,
110.41928945105198,0.31337734430822106,,
110.45447817944496,0.31258043182670203,,
110.48645128172559,0.311856860666678,,
110.51550241300365,0.31119985379735565,,
110.5418984159121,0.31060323572832776,,
110.56588209912286,0.3100615029974873,,
110.58767331231667,0.30956955740218267,,
110.60747223532663,0.30912274792892924,,
110.62546143409857,0.3087170507690349,,
110.6418062013841,0.30834848332769277,,
110.65665691553315,0.3080136789450428,,
110.67015005929554,0.30770964210780055,,
110.68240989082418,0.30743362493580156,,
110.69354899613633,0.30718285285129976,,
110.70366992624685,0.30695499182954966,,
110.71286570887546,0.30674798909770096,,
108.72297000896663,0.3558221291448309,,
94.62359375116777,0.742441384865518,,
72.67728647287981,1.6325896321343174,,
47.81850810459359,3.6066971491429474,,
24.83197179859517,8.826373898722187,,
10.581211600578433,22.60993025166809,,
5.273935920951859,44.28808912613783,,
3.2413892780481506,67.72659922878138,,
2.2522993509470797,90.47960290941482,,
1.6826813304405306,111.85914740358986,,
1.317263527805792,131.67421378369605,,
1.0651562937012755,149.90775000821705,,
0.8819872177776673,166.61504143927414,,
0.7436877593308635,181.88305116712982,,
0.6361375187764312,195.81142581765658,,
0.5505291050616196,208.50282878958075,,
0.4810969804106541,220.05787097692178,,
0.42391272475781244,230.57248831112875,,
0.37621315185397364,240.1366430980764,,
0.335997181174906,248.8339121839201,,
0.3017824185558118,256.7413254347593,,
0.2724472818501788,263.9296126912229,,
0.2471279334441061,270.4635118496734,,
0.25571646664677283,268.3609698417592,,
0.31292182613093905,254.36527851723554,,
0.4076199882132056,234.06025219286,,
0.537791019268493,210.85711576828095,,
0.7063629371532774,186.80828473982783,,
0.9202967184968763,163.12163162929744,,
1.1911108233859231,140.48395096340715,,
1.5365822212294993,119.26513579242958,,
1.983981505971577,99.64802194749862,,
2.5759822998072726,81.71316278886574,,
3.380999192545336,65.49851908962248,,
4.511216217358902,51.04769662930316,,
6.150123455727754,38.456189251212045,,
8.57662483144884,27.90679593800726,,
12.118491914775506,19.629804689256865,,
16.93229422630121,13.68684384590487,,
22.770655993995074,9.740242002323326,,
29.125231186174016,7.1970933570411795,,
35.54828240811583,5.531242369508442,,
41.76722282493951,4.397854544063034,,
47.64568940864551,3.594297048905924,,
53.12674381068724,3.0030239679530557,,
58.195736652179434,2.55407138220856,,
62.859833936123145,2.2041913172159036,,
67.13715031560757,1.9255922282402924,,
71.05094252037114,1.6997584380079038,,
74.62644550023997,1.5139506823907456,,
77.88918845100163,1.359147064469672,,
80.86402019807454,1.2287974431758233,,
83.57461682826805,1.1180404703692703,,
86.04324033477492,1.0231957765328348,,
88.29060636194838,0.9414305044865254,,
90.33593436767976,0.8705278347719754,,
92.19692082328147,0.8087314914407189,,
93.88984057515621,0.7546313088730947,,
95.42961169809075,0.7070830372949692,,
96.82989512504503,0.6651484795678011,,
98.10318063107061,0.6280516548507984,,
99.26087104601815,0.5951453773954081,,
100.31337273836056,0.5658860975348691,,
101.27017177692436,0.5398135372552634,,
102.13992096955826,0.5165359710036699,,
102.93050095425656,0.4957180906836078,,
103.64907668424202,0.4770715339857443,,
104.30218308383175,0.4603470101826186,,
104.89576331961037,0.445327585538436,,
105.43522593418898,0.4318245269139439,,
105.92549062350132,0.41967203745149567,,
106.37103553800718,0.4087270815480659,,
106.77592809763301,0.3988590239868947,,
107.14386747653148,0.3899572627009934,,
107.47822168040784,0.3819213685063171,,
107.7820574048228,0.37466260819649955,,
108.05816688945876,0.36810217193273637,,
108.3090636125853,0.3621702780315748,,
108.53704360032009,0.35680422284090685,,
108.74420247473059,0.3519482404258636,,
108.93244197527318,0.34755210758546085,,
109.10348813775536,0.34357098560169175,,
109.25890928465529,0.339964686653657,,
109.40013171916678,0.336697007825482,,
109.52845165645948,0.3337354335803682,,
109.64504499653697,0.3310508251828525,,
109.7509828852901,0.32861677116778404,,
109.84724105356932,0.3264093340997117,,
109.93470492942747,0.32440730657949135,,
110.01417723693115,0.32259045481238374,,
110.08638885714768,0.3209428043377647,,
110.15199962252653,0.3194475252464717,,
110.21161181267493,0.31809063787349173,,
110.26577550207303,0.3168591671619278,,
110.31498888227601,0.31574141212094653,,
110.35970339300842,0.3147268074816594,,
110.40034052988217,0.3138055209170438,,
110.4372669026155,0.3129690517015878,,
110.47081987115686,0.31220955862951943,,
110.50130490873494,0.31151998133725656,,
110.52899983034435,0.3108939137786002,,
110.55416187499779,0.3103254421675812,,
110.57702358770395,0.30980921887436125,,
110.59779568029549,0.30934041452669,,
110.61666922381386,0.3089146580257382,,
110.63381805147127,0.3085279756181886,,
110.64939951578378,0.308176776653636,,
110.6635559450176,0.3078578173619584,,
110.67641717914088,0.30756814675174743,,
110.68810216456626,0.30730505919680057,,
110.6987184282615,0.30706610260382344,,
110.70836468988368,0.30684904094223603,,
110.71712983614154,0.30665187612939776,,
103.03263581714475,0.5000048605845534,,
84.28896409671816,1.104792345583227,,
60.34422499547469,2.411818064986358,,
35.70437832989092,5.540132576124041,,
16.26026665471409,14.360209818395955,,
7.237180434132008,32.92622778664828,,
4.0526516913333435,56.00952368107373,,
2.671333035714798,79.25036747516769,,
1.9330317287830105,101.35904467314424,,
1.4817208198361325,121.96572758352498,,
1.1804834357444927,140.98629024541995,,
0.9667719131701639,158.44720412062082,,
0.8082739431238565,174.42289009669298,,
0.6867102267756652,189.00828015858696,,
0.5910046251428142,202.3053928294094,,
0.5140696492476842,214.41628731113636,,
0.451167780952517,225.43947353032536,,
0.39901627608240253,235.46800928846352,,
0.35527216574865234,244.5886947211549,,
0.31821669818359527,252.8817951750469,,
0.2865638879066906,260.42118802748456,,
0.25933162079825633,267.2745398025639,,
0.24402726418092002,271.3630218397124,,
0.27923963673885355,262.43767611313154,,
0.355851197937431,244.74862293981676,,
0.4681850326021856,222.6679556413864,,
0.6169372324584046,198.84758786651375,,
0.8070603517363616,174.86735709153047,,
1.047657948615906,151.6428995201026,,
1.353081868344685,129.68252318211316,,
1.7453245161869502,109.2496827081704,,
2.258401864963244,90.4674916613183,,
2.946158812834126,73.38873457274909,,
3.896039985176694,58.04838628978346,,
5.251971236576519,44.51029851450728,,
7.243994813736701,32.911386263790355,,
10.190552855191825,23.47266620170846,,
14.371808726933372,16.37772860208451,,
19.753417247215282,11.49941890791544,,
25.915396262900046,8.330245740296068,,
32.34918863837548,6.280140128784138,,
38.69424578559,4.9132347306795285,,
44.75391231310054,3.9636482733935945,,
50.43750799816618,3.2773057224921582,,
55.71266047960226,2.763921553052086,,
60.57744450162633,2.3687559446214217,,
65.04546705768351,2.0573050192286733,,
69.13793063208132,1.8069805933614624,,
72.87937269707152,1.602485200315309,,
76.29532938313551,1.433129841621514,,
79.41107680590642,1.291252241184546,,
82.25091849648742,1.1712232910860305,,
84.83783313541497,1.0688230031999435,,
87.19333372203054,0.9808284800715772,,
89.3373872235689,0.9047403064398782,,
91.2884160072026,0.838586765624684,,
93.06341775023905,0.7807963301747808,,
94.6779816255511,0.7301012146405008,,
96.14637829795127,0.6854659521695604,,
97.481675397673,0.646038832280315,,
98.6958037210286,0.6111109636323936,,
99.79965882608238,0.5800903983646087,,
100.80317687664152,0.5524773763007047,,
101.71542220695882,0.527847393385099,,
102.54464777997761,0.5058384619432855,,
103.29836817458107,0.4861396722958356,,
103.98343090111413,0.4684831976877414,,
104.6060653821969,0.4526366535634347,,
105.17194135672077,0.4383972258215145,,
105.68621854606461,0.4255890148479582,,
106.15358830318068,0.4140571188030248,,
106.57832270001991,0.40366536549029913,,
106.9643032007337,0.3942938362757013,,
107.3150563823737,0.38583655072644074,,
107.63379384445533,0.37819946863580495,,
107.92343377190278,0.37129928063829404,,
108.18662883553561,0.3650614609741289,,
108.42579143941732,0.359419941605846,,
108.64311439422094,0.35431544987910446,,
108.8405897441053,0.349695273786245,,
109.02002770641408,0.3455119274454256,,
109.1830742628256,0.34172299379446713,,
109.33122572650946,0.3382902926745962,,
109.4658421604009,0.33517954466813926,,
109.58815939884964,0.3323598956125395,,
109.69930107741371,0.3298035560903164,,
109.80028688291137,0.32748551434118894,,
109.89204265054741,0.3253832487761425,,
109.97541244049596,0.32347637617103564,,
110.05116368646765,0.3217463917359172,,
110.11999349910761,0.32017674205763735,,
110.18253436402107,0.3187522906816245,,
110.23936018524554,0.3174595554209439,,
110.29099243226206,0.31628634473989625,,
110.33790541727468,0.31522113646236244,,
110.38053124961687,0.3142544409227535,,
110.41926178837447,0.3133771395670009,,
110.45445189263293,0.312580005918281,,
110.48642588451531,0.3118564928167501,,
110.51547637747389,0.31119958040506956,,
110.541869217263,0.3106031282753819,,
110.56584845704126,0.3100615264273922,,
110.58763578421933,0.3095696886513847,,
110.60743188141785,0.3091230180936348,,
110.62542017140063,0.3087173189262709,,
110.64177117715583,0.3083486985570496,,
110.65662875103502,0.30801388602050583,,
110.67013094032022,0.3077097323647338,,
110.682395300092,0.3074335618483733,,
110.69353705389251,0.3071827347780098,,
110.70365913534418,0.30695491870329306,,
110.71285525798007,0.3067479924862263,,
108.72296022515934,0.3558220884738764,,
94.6235848914159,0.7424413762551405,,
72.6772785453616,1.632589711740196,,
47.818505305748445,3.6067014890009537,,
24.831969156824776,8.826376887158963,,
10.581208966349346,22.60993872861623,,
5.273938413774452,44.28809714037295,,
3.2413882846134885,67.72660147778177,,
2.252297431674039,90.47960249995548,,
1.6826811791472238,111.85914738483865,,
1.3172632558799025,131.6742144908248,,
1.065156610590408,149.90775033915176,,
0.8819868237905573,166.6150435202848,,
0.7436878053189978,181.88305394192383,,
0.6361377014890384,195.81142599713576,,
0.550529328945142,208.50282972127383,,
0.48109663609329634,220.05786606204018,,
0.42391274119584066,230.57246890616545,,
0.37621296251602815,240.13663999850775,,
0.33599716552784775,248.83390980507204,,
0.3017824030382838,256.74132438444,,
0.27244732122676946,263.92961041014047,,
0.24712796483616425,270.4635089659002,,
0.2557164642963971,268.36096707681133,,
0.3129220227388577,254.3652276802466,,
0.407620209039925,234.06020261481555,,
0.5377911261045348,210.85710417215785,,
0.7063625831090805,186.80832264965778,,
0.920296402486505,163.12166307078635,,
1.1911100105239485,140.48398269314146,,
1.5365757627348862,119.26515370892427,,
1.9839814775566476,99.6480023631381,,
2.575983239412873,81.71313382895616,,
3.3809990963784693,65.49848902180949,,
4.511217151750186,51.04766395377174,,
6.150123314670281,38.45615647365663,,
8.576626115887496,27.906766927536715,,
12.118511691013508,19.629802327176,,
16.93230885991014,13.686838345576378,,
22.77067147291017,9.740239230686505,,
29.125243478851754,7.197088594345329,,
35.54829518520868,5.53123919472091,,
41.76723525843116,4.397852437187463,,
47.64570090517248,3.5942950486471834,,
53.12675521959128,3.003023122154038,,
58.19574710116535,2.55407081554878,,
62.859843026329656,2.2041903963720584,,
67.13715619181296,1.9255916479462676,,
71.0509396903293,1.699758329225304,,
74.62644291372368,1.5139509063173566,,
77.8891864520989,1.3591470778478858,,
80.86401813466534,1.228797451764734,,
83.57461514397804,1.1180407503365153,,
86.04323213103848,1.023196018542254,,
88.29060434501199,0.9414299010151855,,
90.3359419872038,0.8705275861632441,,
92.19692388273377,0.8087314417450228,,
93.8898413910578,0.754631229532816,,
95.42961375895516,0.7070829380453341,,
96.82989937418937,0.6651482036832174,,
98.10318750254021,0.6280521538769377,,
99.26087782969428,0.5951448461844451,,
100.31337959043911,0.5658859041632883,,
101.27017849764722,0.5398133233935816,,
102.139930235368,0.5165357219033163,,
102.9305066277003,0.4957179377842234,,
103.64908199995743,0.47707136349296214,,
104.30218767092605,0.4603467346561432,,
104.89576682500746,0.44532732090997496,,
105.43522909829079,0.4318247509312358,,
105.92550431896228,0.41967208692505936,,
106.3710447094767,0.4087261886451606,,
106.77593584581827,0.3988587593120082,,
107.14387844331446,0.3899569892488289,,
107.47823689606564,0.3819209944255879,,
107.78207023555524,0.3746623484011296,,
108.05816220676873,0.3681023023129525,,
108.30905730481044,0.36217032788437986,,
108.53704239427454,0.3568044221596014,,
108.74420176905913,0.35194821660701575,,
108.93243933058346,0.34755212975318667,,
109.10348399829857,0.3435714075535309,,
109.25890309594547,0.33996447762598453,,
109.40012454574524,0.3366971984334179,,
109.52845224480106,0.33373545154575723,,
109.64504405089505,0.33105084108890703,,
109.75098237219474,0.32861671116283997,,
109.8472403333964,0.32640929051435064,,
109.93470063671599,0.3244071725880277,,
110.01417085666924,0.3225908891542726,,
110.08638700488729,0.32094284132760986,,
110.15200866881507,0.3194473139696501,,
110.21163094275597,0.3180901960073479,,
110.26580143009177,0.3168585666883763,,
110.31501924379923,0.31574071518339347,,
110.35973812358863,0.314726012567509,,
110.40037017428018,0.3138048509173391,,
110.43728879890514,0.3129685525240705,,
110.47083319031552,0.3122092531379189,,
110.50131156456251,0.3115198245173756,,
110.52900253514976,0.31089385177259843,,
110.55416154563001,0.3103254603000945,,
110.57702003629697,0.30980930532134476,,
110.59778957989332,0.3093405561177222,,
110.6166617087348,0.3089148714012541,,
110.63380947919693,0.3085281596604298,,
110.64939032360051,0.30817692266304486,,
110.6635471318271,0.3078580926823504,,
110.67640960480698,0.30756831943436475,,
110.6880963536224,0.30730518646698096,,
110.69871455324677,0.3070661869285689,,
110.70836145369026,0.3068491135698497,,
110.71712542947378,0.3066519620840364,,
103.03263183903555,0.5000049644049507,,
84.28896052688341,1.1047924845764054,,
60.344221857767685,2.411818297321295,,
35.7043762026803,5.540133475518393,,
16.260250586106284,14.360198300697194,,
7.237179022395853,32.926229822615795,,
4.052651447839884,56.00952753018263,,
2.671332614002042,79.250370683775,,
1.933031641317781,101.35904791430275,,
1.481721463348153,121.96573129440564,,
1.1804834468940486,140.9862863130412,,
0.9667719127948061,158.44719996365083,,
0.8082740252368894,174.42288469040375,,
0.6867101302005573,189.008281771558,,
0.5910047269559628,202.3053816721843,,
0.5140697226347785,214.41627637385795,,
0.4511678699716865,225.43947247607827,,
0.3990168286957121,235.46800009698646,,
0.35527222356033994,244.5886843723036,,
0.3182166800918035,252.88179647875384,,
0.28656400299140095,260.4211892503808,,
0.25933159095745023,267.2745499127332,,
0.24402719559624714,271.36303998911256,,
0.2792395697710967,262.43769278775636,,
0.3558511319945352,244.74863662172743,,
0.46818496074879073,222.66796962492253,,
0.6169371587969515,198.84759127803315,,
0.8070604545565266,174.86736539102188,,
1.0476586735689926,151.6429136534807,,
1.3530817012314729,129.68253014814124,,
1.7453240621994166,109.24970517623925,,
2.25840076304821,90.46750723941541,,
2.946156663701372,73.38873861500711,,
3.8960325520806807,58.04838248036515,,
5.2519687214238635,44.51029921138647,,
7.243997647168877,32.91139333749737,,
10.19055076962106,23.47266953818437,,
14.37180793314315,16.377733769285868,,
19.753414358731316,11.499422154174901,,
25.915392972688743,8.330248596306115,,
32.349184210766104,6.28014181207338,,
38.6942408742178,4.913235064897761,,
44.75390559643068,3.9636459114096496,,
50.43750420186136,3.2773053545911037,,
55.712657540749845,2.7639217594400027,,
60.57744202207631,2.3687563985613243,,
65.04546460969527,2.0573052163723067,,
69.13792995614875,1.8069827030142989,,
72.87938678259088,1.6024848453695633,,
76.29534567756804,1.4331293849358242,,
79.41109121377073,1.2912515954514818,,
82.25092985651544,1.171222678255864,,
84.83784832743608,1.0688225226503583,,
87.19334701124052,0.9808293070344327,,
89.3373904734583,0.9047400511053352,,
91.28842628207146,0.8385865430681868,,
93.06343067864987,0.7807962786242963,,
94.67799082802817,0.73010113934226,,
96.14638625854181,0.6854658927366332,,
97.48167930803785,0.6460384174883009,,
98.69580516919946,0.6111108332164378,,
99.79965889115664,0.5800904668193235,,
100.80317811226676,0.552477386689069,,
101.71542190078539,0.5278474657681974,,
102.54464454878543,0.5058386096051726,,
103.29836402392449,0.48613998800407915,,
103.9834253229761,0.4684834669580475,,
104.60605894650276,0.4526367348633489,,
105.17193493333617,0.43839757256909395,,
105.6862122998121,0.42558919760285974,,
106.1535821585415,0.414057268542443,,
106.57831026045672,0.4036656809044017,,
106.96428228342798,0.39429435857189293,,
107.31504159681715,0.3858369200643505,,
107.63378655373789,0.37819968641750135,,
107.92342741893896,0.3712993792133515,,
108.18662186491781,0.36506155544271957,,
108.42578429382911,0.35942007977076823,,
108.64310624488552,0.35431556392426244,,
108.84057925346035,0.3496957334867368,,
109.02001353925307,0.34551200515391467,,
109.18305838870093,0.34172387881088767,,
109.33120945375569,0.33829068170986004,,
109.46582822508657,0.3351798774740494,,
109.58814047439189,0.3323603433876317,,
109.69927748825938,0.32980411179390773,,
109.80025913654568,0.3274861720676106,,
109.89201210550726,0.3253839625116422,,
109.97539097481155,0.3234768353864525,,
110.0511552530012,0.3217465740092227,,
110.11999437342274,0.32017668275841815,,
110.18253969832274,0.3187521632130624,,
110.23936690953954,0.3174594213476398,,
110.29099978754319,0.31628611701616055,,
110.33791406237718,0.3152210993757952,,
110.38054091340719,0.3142542989987936,,
110.41927188004611,0.313376597858409,,
110.454462547179,0.3125797395873048,,
110.48643521539898,0.3118562776140033,,
110.51548449778423,0.31119940666641766,,
110.54187844606155,0.310602917935993,,
110.56586009184377,0.3100612743698264,,
110.58765100369885,0.30956937859953565,,
110.60745061003377,0.30912253909169446,,
110.62544091016515,0.3087168599860291,,
110.64178653452417,0.30834837533923326,,
110.65663803780502,0.3080136725971983,,
110.6701317931801,0.3077097023620966,,
110.68239190246072,0.30743361475332154,,
110.69353091487841,0.3071828539994085,,
110.70365307889979,0.30695505282758384,,
110.71285075017057,0.30674811687344616,,
108.7229566612977,0.3558221721266644,,
94.62358167684258,0.742441475853769,,
72.67727568378457,1.6325898614908023,,
47.818498800370264,3.606697803360224,,
24.831964951772683,8.826376038957854,,
10.581208562796405,22.60993531205565,,
5.273939050079197,44.288100613019935,,
3.241388660380465,67.72660489558265,,
2.2522984293778996,90.47960667590715,,
1.6826805973708638,111.85914973161601,,
1.3172632878872292,131.67421687894347,,
1.0651551466390685,149.90775647215472,,
0.8819868133841139,166.61505000244512,,
0.7436876024199005,181.8830590765644,,
0.6361374049651123,195.81143327452733,,
0.5505290473514065,208.5028366202067,,
0.4810966842755954,220.05787757556143,,
0.42391259420381355,230.57249954391747,,
0.37621293489346425,240.136665213289,,
0.335997037186218,248.83393530276908,,
0.30178229224196856,256.74134771711977,,
0.2724472179612013,263.92963449044873,,
0.24712723947493603,270.46353024043765,,
0.2417333601514648,272.6925598004819,,
0.2612362926679984,269.15962717189075,,
0.2956407369118833,262.45528756530086,,
0.3394021417410611,254.16829125525544,,
0.3891168277386573,245.2600998373917,,
0.44253455334304187,236.3011973611975,,
0.49808834980462174,227.61879104572031,,
0.5546428316760904,219.39031567041596,,
0.6113502228890115,211.70182134322314,,
0.6675685663373051,204.5838087624453,,
0.7228040471911608,198.03428009885948,,
0.776676050290142,192.03266302659125,,
0.8288919412102121,186.5485295566847,,
0.8792293593055708,181.54686033584377,,
0.9275238535006698,176.99114355843724,,
0.9736591887398933,172.84533121635187,,
1.0175593612356177,169.07483868075724,,
1.0591825519824511,165.64711000867604,,
1.0985167902763917,162.53185496382596,,
1.1355738331599272,159.7011159370885,,
1.1703866098970555,157.1292192229243,,
1.2030048353605012,154.7926730774232,,
1.233492347123647,152.67004013983419,,
1.2619235039044887,150.74178896346456,,
1.288381135738372,148.99014004383886,,
1.3129542455465375,147.39892170813718,,
1.3357360789776407,145.95343561208963,,
1.3568213357510952,144.64034000978108,,
1.3763060188406775,143.447496491134,,
1.394287038205661,142.36385803491567,,
1.4108594300969106,141.3794042220458,,
1.4261122961549373,140.4850420703156,,
1.4401377044361108,139.67252473269272,,
1.4530204363889607,138.9343567417529,,
1.4648418801164171,138.2637624630652,,
1.4756803865270365,137.65453250773558,,
1.4856102684833286,137.1010204182743,,
1.4947012289405461,136.59811166515328,,
1.503019670951929,136.14111395239368,,
1.510626687375954,135.72586980085836,,
1.5175782735592551,135.34861865264952,,
1.5239289437650803,135.00576616817844,,
1.5297249256783463,134.69436251517354,,
1.5350135048817344,134.41146878904217,,
1.5398382223060627,134.1544136670915,,
1.5442378873050242,133.92084705477538,,
1.5482488619376573,133.708623254695,,
1.551903924245521,133.515816124863,,
1.555233923250461,133.34063819802978,,
1.5582672170051175,133.18146743474082,,
1.5610297329764,133.03683610332973,,
1.5635452881901069,132.90541125874003,,
1.565835888247804,132.78597033578546,,
1.5679211607573542,132.67739613693956,,
1.5698187030225978,132.57874511000378,,
1.5715462983458348,132.48911974416947,,
1.5731170059310806,132.40769167961787,,
1.5745460749948175,132.33370831352872,,
1.5758460384004314,132.2664833479368,,
1.5770283276583539,132.2053969204242,,
1.5781036942538487,132.14988831237932,,
1.5790815151742992,132.0994481889888,,
1.5799709309194776,132.05361348919143,,
1.580779903062333,132.0119678234959,,
1.5815143771079556,131.97412533552082,,
1.582182568831749,131.93974260372983,,
1.5827909360898758,131.90850397026028,,
1.5833434950204124,131.88010884873256,,
1.583845861786137,131.85430432945302,,
1.5843022053474278,131.83087328249,,
1.5847168968246739,131.80958862494492,,
1.585093852838027,131.79024735627186,,
1.585436559017553,131.77266881625138,,
1.5857481153463215,131.75669258721166,,
1.5860314428751843,131.74216761256326,,
1.586289000695972,131.72896703944448,,
1.5865231532470112,131.71696864004636,,
1.5867358582074935,131.7060714975961,,
1.58692913681347,131.69617148233,,
1.5871047410786674,131.68717836159317,,
1.5872643150977563,131.67900750579668,,
1.587409335292309,131.67158294614063,,
1.587541136701744,131.6648361103906,,
1.5876609469252112,131.65870389096108,,
1.5877698699925453,131.65312953810107,,
1.5878688294690968,131.64806573184606,,
1.5879588290042455,131.64346084390033,,
1.5880406179588336,131.63927647537795,,
1.5881148943766623,131.6354768459146,,
1.5881824470923858,131.63202142232112,,
1.5882437961056162,131.62888358934956,,
1.5882995240846758,131.62603348161383,,
1.5883501813482999,131.6234428991121,,
1.5883961734351713,131.62109109418856,,
1.5884380184465505,131.61895143496307,,
1.5884760543460632,131.617006636519,,
1.5885105937333288,131.61524069658716,,
1.5885419931449938,131.6136354100891,,
1.588570561907944,131.61217499856838,,
1.5885965038066896,131.61084906700805,,
1.588620050785327,131.6096456907629,,
1.5886414874091113,131.60854997934746,,
1.5886609466924677,131.60755515813472,,
1.5886785781021222,131.60665348011474,,
1.5886946456365185,131.60583237680814,,
1.5887092448241107,131.60508685776756,,
1.5887224992436626,131.60441090019236,,
1.5887345329731828,131.60379666982823,,
1.5887454442862081,131.60323831530914,,
1.5887553074310632,131.60273171149677,,
1.5887642646110898,131.60227115079886,,
1.5887724882522831,131.6018506649169,,
1.58877997684862,131.6014683477893,,
1.5887867896335037,131.6011213864604,,
1.5887929739365743,131.6008075992885,,
1.5887986062593344,131.6005221061363,,
1.5888037581340722,131.600260096029,,
1.5888084318131364,131.60002204052503,,
1.5888126486564231,131.5998065285545,,
1.5888164204223039,131.5996125937296,,
1.5888198503868192,131.59943611576662,,
1.5888230165433126,131.59927397711766,,
1.5888258884514486,131.5991270221055,,
1.5888284860378599,131.59899440560704,,
1.5888308245483855,131.598875552065,,
1.5888329511807548,131.5987674049718,,
1.5888348932901655,131.59866831578458,,
1.5888366500426065,131.5985786706242,,
1.5888382329000394,131.59849785049957,,
1.5888396502115687,131.59842538825905,,
1.5888409412794082,131.598359417942,,
1.5888421209828893,131.59829919543807,,
1.588843188593173,131.59824469725024,,
1.5888441524378956,131.5981954977852,,
1.588845019027829,131.59815126429686,,
1.5888458184600756,131.59811045986385,,
1.5888465532506137,131.5980729558693,,
1.5888472223242662,131.59803880713432,,
1.5888478296759474,131.59800780969667,,
1.5888483778766975,131.59797983237618,,
1.5888488680736836,131.59795481677472,,
1.5888493070129188,131.59793241826029,,
1.5888497296444437,131.59791085034345,,
1.5888501153537988,131.59789116709732,,
1.5888504654049034,131.5978733041178,,
1.5888507801419252,131.59785724401104,,
1.5888510589892795,131.59784301639357,,
1.5888513004516296,131.59783069789214,,
1.5888515264546956,131.59781916774082,,
1.5888517417148065,131.59780818497788,,
1.5888519360350908,131.59779827105484,,
1.5888521098072388,131.59778940608086,,
1.5888522629682642,131.5977815933988,,
1.5888523950005042,131.59777485958526,,
1.588852506176881,131.5977691907863,,
1.5888526180986997,131.59776348271876,,
1.588852718210706,131.59775837734816,,
1.588852807242891,131.59775383741766,,
1.5888528857393935,131.5977498351604,,
1.5888529540585,131.59774635229968,,
1.5888530123726434,131.59774338004874,,
1.5888530696560554,131.59774046020587,,
1.588853115935775,131.5977381017604,,
1.5888531580006362,131.59773595825843,,
1.588853195970897,131.5977340235522,,
1.5888532299668143,131.597732291494,,
1.5888532601086462,131.59773075593614,,
1.5888532865166503,131.59772941073086,,
1.5888533127421036,131.59772807495492,,
1.588853336508597,131.5977268645464,,
1.588853357809904,131.5977257798006,,
1.5888533768292843,131.59772481136056,,
1.5888533937499978,131.5977239498692,,
1.588853408755304,131.59772318596947,,
1.5888534220284625,131.59772251030435,,
1.5888534337527336,131.5977219135168,,
1.5888534441113769,131.5977213862498,,
1.588853453287652,131.59772091914624,,
1.5888534614648187,131.59772050284917,,
1.5888534688261367,131.59772012800147,,
1.5888534746048026,131.5977198339327,,
1.5888534785215034,131.5977196349906,,
1.588853481661192,131.59771947561038,,
1.5888534841704793,131.59771934831303,,
1.5888534861959762,131.59771924561966,,
1.588853487884294,131.59771916005127,,
1.588853489382043,131.59771908412895,,
1.588853490835834,131.59771901037377,,
1.5888534923922784,131.59771893130676,,
1.5888534941979866,131.59771883944896,,
1.5888534963995697,131.59771872732145,,
1.5888534991436383,131.59771858744526,,
1.5888535025587132,131.59771841326508,,
1.588853502230449,131.59771843015324,,
1.5888535018217518,131.59771845111274,,
1.5888535014003522,131.59771847269172,,
1.588853501033981,131.59771849143834,,
1.5888535007903688,131.5977185039007,,
1.5888535007372464,131.59771850662696,,
1.5888535009423443,131.59771849616527,,
1.5888535014733935,131.59771846906375,,
1.5888535023981245,131.59771842187055,,
1.5888535037842682,131.59771835113378,,
1.588853505699555,131.5977182534016,,
1.5888535082117157,131.59771812522217,,
1.5888535139683397,131.5977178321837,,
1.588853513452408,131.59771785827357,,
1.588853513153472,131.59771787331806,,
1.5888535130715313,131.59771787731717,,
1.5888535132065864,131.59771787027088,,
1.588853513558637,131.5977178521792,,
1.5888535141276834,131.5977178230421,,
1.5888535149137253,131.5977177828596,,
1.5888535159167627,131.59771773163172,,
1.588853517136796,131.59771766935845,,
1.5888535185738246,131.59771759603976,,
1.5888535202278489,131.59771751167568,,
1.5888535218397022,131.59771742946268,,
1.5888535199988871,131.5977175230588,,
1.5888535182296493,131.59771761301405,,
1.5888535165319893,131.5977176993284,,
1.5888535149059064,131.59771778200187,,
1.5888535133514015,131.59771786103445,,
1.5888535118684737,131.5977179364261,,
1.5888535104571235,131.5977180081769,,
1.5888535091173508,131.5977180762868,,
1.5888535078491555,131.5977181407558,,
1.5888535066525378,131.59771820158392,,
1.5888535055274975,131.59771825877112,,
1.5888535044740346,131.59771831231743,,
1.5888535034921494,131.59771836222288,,
1.5888535025818415,131.5977184084874,,
1.5888535017431111,131.59771845111104,,
1.5888535009759583,131.5977184900938,,
1.588853500280383,131.59771852543565,,
1.5888534996563852,131.59771855713663,,
1.588853499103965,131.5977185851967,,
1.588853498623122,131.59771860961587,,
1.5888534982138565,131.59771863039416,,
1.5888534978761686,131.59771864753154,,
1.5888534976100581,131.59771866102804,,
1.5888534974155253,131.59771867088367,,
1.5888534972925699,131.59771867709838,,
1.5888534972411918,131.5977186796722,,
1.5888534972613912,131.59771867860513,,
1.5888534973531683,131.59771867389716,,
1.5888534975165227,131.5977186655483,,
1.5888534977514548,131.59771865355856,,
1.5888534980579643,131.59771863792793,,
1.5888534984360512,131.5977186186564,,
1.5888534988857157,131.59771859574394,,
1.5888534994069576,131.59771856919065,,
1.588853499999777,131.59771853899642,,
1.5888535006641737,131.5977185051613,,
1.5888535014001481,131.59771846768533,,
1.5888535022077002,131.59771842656843,,
1.5888535030868294,131.59771838181064,,
1.5888535040375362,131.59771833341196,,
1.5888535050598207,131.5977182813724,,
1.5888535061536824,131.59771822569195,,
1.5888535073191217,131.59771816637058,,
1.5888535085561386,131.59771810340834,,
1.5888535098647327,131.5977180368052,,
1.5888535112449045,131.59771796656116,,
1.5888535126966539,131.59771789267623,,
1.5888535142199804,131.59771781515042,,
1.5888535158148849,131.5977177339837,,
1.5888535174813665,131.5977176491761,,
1.5888535192194257,131.5977175607276,,
1.5888535210290624,131.59771746863822,,
1.588853522616623,131.59771738784795,,
1.5888535227716007,131.59771737994294,,
1.5888535229318577,131.59771737177002,,
1.5888535230973941,131.59771736332922,,
1.5888535232682097,131.59771735462053,,
1.5888535234443049,131.59771734564396,,
1.5888535236256793,131.59771733639948,,
1.5888535238123331,131.59771732688714,,
1.5888535240042663,131.59771731710688,,
1.5888535242014787,131.59771730705876,,
1.5888535244039705,131.59771729674273,,
1.5888535246117417,131.59771728615883,,
1.5888535248247924,131.59771727530702,,
1.5888535250431222,131.59771726418734,,
1.5888535252667315,131.59771725279978,,
1.58885352549562,131.59771724114432,,
1.588853525729788,131.59771722922096,,
1.5888535259692353,131.59771721702973,,
1.588853526213962,131.5977172045706,,
1.588853526463968,131.5977171918436,,
1.5888535267192534,131.5977171788487,,
1.588853526979818,131.59771716558592,,
1.588853527245662,131.59771715205525,,
1.5888535275167857,131.59771713825668,,
1.5888535277931883,131.59771712419024,,
1.5888535280748706,131.5977171098559,,
1.588853528361832,131.59771709525367,,
1.5888535286540728,131.59771708038355,,
1.588853528951593,131.59771706524555,,
1.5888535292543926,131.59771704983964,,
1.5888535295624715,131.59771703416587,,
1.5888535298758297,131.5977170182242,,
1.5888535301944673,131.59771700201463,,
1.5888535305183842,131.5977169855372,,
1.5888535308475806,131.59771696879187,,
1.5888535311820562,131.59771695177864,,
1.5888535315218113,131.59771693449753,,
1.5888535318668455,131.59771691694854,,
1.5888535322171593,131.59771689913165,,
1.5888535325727524,131.5977168810469,,
1.5888535329336249,131.59771686269423,,
1.5888535332997766,131.5977168440737,,
1.5888535336712077,131.59771682518524,,
1.5888535340479182,131.59771680602893,,
1.588853534429908,131.5977167866047,,
1.5888535348171773,131.5977167669126,,
1.5888535352097257,131.5977167469526,,
1.5888535356075535,131.59771672672474,,
1.5888535360106608,131.59771670622897,,
1.5888535364190475,131.59771668546531,,
1.5888535368327135,131.5977166644338,,
1.5888535372516586,131.59771664313436,,
1.5888535376758832,131.59771662156703,,
1.5888535433643052,131.59771633202348,,
1.5888535433504347,131.5977163327356,,
